Designator,Mid X,Mid Y,Layer,Rotation
C1,31.4500,-83.5375,Bottom,90
C2,39.3500,-85.3375,Bottom,90
C3,32.8000,-67.0625,Bottom,180
C4,36.4500,-67.0625,Bottom,180
C5,41.6500,-83.6875,Bottom,90
C6,29.7000,-66.3125,Bottom,90
C7,36.4375,-64.9000,Bottom,180
C8,48.1875,-84.2500,Bottom,90
C11,42.3000,-86.6875,Bottom,180
C12,32.8125,-64.7500,Bottom,180
C13,40.0625,-60.9000,Bottom,180
C14,43.8000,-60.8125,Bottom,180
C15,34.4000,-59.0625,Bottom,180
C16,51.1000,-33.8275,Bottom,180
C17,54.1000,-30.3025,Bottom,180
C18,30.6500,-59.0625,Bottom,180
C19,51.1000,-26.3025,Bottom,90
C20,48.8875,-66.9675,Bottom,90
D1,54.4500,-44.5250,Bottom,90
D2,73.5000,-44.5250,Bottom,90
D3,92.5500,-44.5250,Bottom,90
D4,111.6000,-44.5250,Bottom,90
D5,130.6500,-44.5250,Bottom,90
D6,149.7000,-44.5250,Bottom,90
D7,168.7500,-44.5250,Bottom,90
D8,54.4500,-63.5750,Bottom,90
D9,73.5000,-63.5750,Bottom,90
D10,92.5500,-63.5750,Bottom,90
D11,111.6000,-63.5750,Bottom,90
D12,130.6500,-63.5750,Bottom,90
D13,149.7000,-63.5750,Bottom,90
D14,168.7500,-63.5750,Bottom,90
D15,197.3250,-63.5750,Bottom,90
D16,44.9250,-82.6250,Bottom,90
D17,63.9750,-82.6250,Bottom,90
D18,83.0250,-82.6250,Bottom,90
D19,102.0750,-82.6250,Bottom,90
D20,121.1250,-82.6250,Bottom,90
D21,140.1750,-82.6250,Bottom,90
D22,159.2250,-82.6250,Bottom,90
D23,178.2750,-82.6250,Bottom,90
D24,202.0875,-82.6250,Bottom,90
D25,49.6875,-101.6750,Bottom,90
D26,68.7375,-101.6750,Bottom,90
D27,87.7875,-101.6750,Bottom,90
D28,106.8375,-101.6750,Bottom,90
D29,125.8875,-101.6750,Bottom,90
D30,144.9375,-101.6750,Bottom,90
D31,163.9875,-101.6750,Bottom,90
D32,194.9438,-101.6750,Bottom,90
D33,59.2125,-120.7250,Bottom,90
D34,78.2625,-120.7250,Bottom,90
D35,97.3125,-120.7250,Bottom,90
D36,116.3625,-120.7250,Bottom,90
D37,135.4125,-120.7250,Bottom,90
D38,154.4625,-120.7250,Bottom,90
D39,187.8000,-120.7250,Bottom,90
D40,206.8500,-120.7250,Bottom,90
D41,59.2125,-139.7750,Bottom,90
D42,78.2625,-139.7750,Bottom,90
D43,97.3125,-139.7750,Bottom,90
D44,118.7437,-139.7750,Bottom,90
D45,142.5562,-139.7750,Bottom,90
D46,168.7500,-139.7750,Bottom,90
D47,187.8000,-139.7750,Bottom,90
D48,206.8500,-139.7750,Bottom,90
D99,54.8000,-27.9400,Bottom,180
ENC1,221.5750,-28.0800,Bottom,0
F1,54.8000,-24.2900,Bottom,90
J1,44.0000,-23.0000,Bottom,270
J2,62.0000,-19.0700,Bottom,180
R1,48.9375,-63.3000,Bottom,90
R2,47.8750,-46.5512,Bottom,90
R3,50.1750,-44.3012,Bottom,90
R4,58.0000,-24.0400,Bottom,180
R5,66.0000,-24.0400,Bottom,180
R6,34.4500,-87.6875,Bottom,180
R7,46.7125,-60.2175,Bottom,90
R8,29.1875,-83.5000,Bottom,90
R9,48.1875,-80.6000,Bottom,90
R10,30.7750,-86.3875,Bottom,180
RSW1,39.2000,-89.9375,Bottom,180
U1,35.0000,-75.0000,Bottom,0
U2,62.0000,-24.7900,Bottom,90
U4,50.4000,-30.4400,Bottom,0
U5,43.0500,-65.0625,Bottom,90
Y1,35.4000,-84.1875,Bottom,180
