"Refs","Value","Footprint","Qty"
"C1,C2","15pF","Capacitor_SMD:C_0805_2012Metric","2"
"C3,C4,C9,C16,C17","1uF","Capacitor_SMD:C_0805_2012Metric","5"
"C5,C6,C7,C8,C10,C11,C12,C13,C14,C15,C18,C20","0.1uF","Capacitor_SMD:C_0805_2012Metric","12"
"C19","10uF","Capacitor_SMD:C_0805_2012Metric","1"
"D1,D2,D3,D4,D5,D6,D7,D8,D9,D10,D11,D12,D13,D14,D15,D16,D17,D18,D19,D20,D21,D22,D23,D24,D25,D26,D27,D28,D29,D30,D31,D32,D33,D34,D35,D36,D37,D38,D39,D40,D41,D42,D43,D44,D45,D46,D47,D48","1N4148W","Diode_SMD:D_SOD-123","48"
"D99","B5819W","Diode_SMD:D_SOD-123","1"
"F1","500mA","Fuse:Fuse_1206_3216Metric","1"
"J1","PJ-320D","Connector_Audio:Jack_3.5mm_PJ320D_Horizontal","1"
"J2","USB-C","Connector_USB:USB_C_Receptacle_HRO_TYPE-C-31-M-12","1"
"J3","OLED 128x32","nrsk:OLED_0.91in_128x32_I2C","1"
"JP1","BOOTSEL","Jumper:SolderJumper-2_P1.3mm_Open_RoundedPad1.0x1.5mm","1"
"R1,R6","10k","Resistor_SMD:R_0805_2012Metric","2"
"R2,R3","27","Resistor_SMD:R_0805_2012Metric","2"
"R4,R5","5.1k","Resistor_SMD:R_0805_2012Metric","2"
"R7,R10","1k","Resistor_SMD:R_0805_2012Metric","2"
"R8,R9","4.7k","Resistor_SMD:R_0805_2012Metric","2"
"RSW1","Reset","Button_Switch_SMD:SW_SPST_PTS810","1"
"SW1","71","nrsk:SW_MX_Hotswap_1.00u","1"
"SW2","F7","nrsk:SW_MX_Hotswap_1.00u","1"
"SW3","F8","nrsk:SW_MX_Hotswap_1.00u","1"
"SW4","F9","nrsk:SW_MX_Hotswap_1.00u","1"
"SW5","F10","nrsk:SW_MX_Hotswap_1.00u","1"
"SW6","F11","nrsk:SW_MX_Hotswap_1.00u","1"
"SW7","F12","nrsk:SW_MX_Hotswap_1.00u","1"
"SW8","73","nrsk:SW_MX_Hotswap_1.00u","1"
"SW9","7","nrsk:SW_MX_Hotswap_1.00u","1"
"SW10","8","nrsk:SW_MX_Hotswap_1.00u","1"
"SW11","9","nrsk:SW_MX_Hotswap_1.00u","1"
"SW12","0","nrsk:SW_MX_Hotswap_1.00u","1"
"SW13","-","nrsk:SW_MX_Hotswap_1.00u","1"
"SW14","=","nrsk:SW_MX_Hotswap_1.00u","1"
"SW15","Backspace","nrsk:SW_MX_Hotswap_2.00u","1"
"SW16","75","nrsk:SW_MX_Hotswap_1.00u","1"
"SW17","Y","nrsk:SW_MX_Hotswap_1.00u","1"
"SW18","U","nrsk:SW_MX_Hotswap_1.00u","1"
"SW19","I","nrsk:SW_MX_Hotswap_1.00u","1"
"SW20","O","nrsk:SW_MX_Hotswap_1.00u","1"
"SW21","P","nrsk:SW_MX_Hotswap_1.00u","1"
"SW22","[","nrsk:SW_MX_Hotswap_1.00u","1"
"SW23","]","nrsk:SW_MX_Hotswap_1.00u","1"
"SW24","\","nrsk:SW_MX_Hotswap_1.50u","1"
"SW25","77","nrsk:SW_MX_Hotswap_1.00u","1"
"SW26","H","nrsk:SW_MX_Hotswap_1.00u","1"
"SW27","J","nrsk:SW_MX_Hotswap_1.00u","1"
"SW28","K","nrsk:SW_MX_Hotswap_1.00u","1"
"SW29","L","nrsk:SW_MX_Hotswap_1.00u","1"
"SW30",";","nrsk:SW_MX_Hotswap_1.00u","1"
"SW31","'","nrsk:SW_MX_Hotswap_1.00u","1"
"SW32","Enter","nrsk:SW_MX_Hotswap_2.25u","1"
"SW33","79","nrsk:SW_MX_Hotswap_1.00u","1"
"SW34","N","nrsk:SW_MX_Hotswap_1.00u","1"
"SW35","M","nrsk:SW_MX_Hotswap_1.00u","1"
"SW36",",","nrsk:SW_MX_Hotswap_1.00u","1"
"SW37",".","nrsk:SW_MX_Hotswap_1.00u","1"
"SW38","/","nrsk:SW_MX_Hotswap_1.00u","1"
"SW39","↑","nrsk:SW_MX_Hotswap_1.00u","1"
"SW40","fn","nrsk:SW_MX_Hotswap_1.00u","1"
"SW41","81","nrsk:SW_MX_Hotswap_1.00u","1"
"SW42,SW43","Space","nrsk:SW_MX_Hotswap_1.00u","2"
"SW44","Cmd","nrsk:SW_MX_Hotswap_1.25u","1"
"SW45","Opt","nrsk:SW_MX_Hotswap_1.25u","1"
"SW46","←","nrsk:SW_MX_Hotswap_1.00u","1"
"SW47","↓","nrsk:SW_MX_Hotswap_1.00u","1"
"SW48","→","nrsk:SW_MX_Hotswap_1.00u","1"
"U1","RP2040","Package_DFN_QFN:QFN-56-1EP_7x7mm_P0.4mm_EP3.2x3.2mm","1"
"U2","USBLC6-2SC6","Package_TO_SOT_SMD:SOT-23-6","1"
"U3","AS5600-ASOM","Package_SO:SOIC-8_3.9x4.9mm_P1.27mm","1"
"U4","AP2112K-3.3","Package_TO_SOT_SMD:SOT-23-5","1"
"U5","W25Q128JVS","Package_SO:SOIC-8_5.3x5.3mm_P1.27mm","1"
"Y1","12MHz","Crystal:Crystal_SMD_3225-4Pin_3.2x2.5mm_HandSoldering","1"
