Comment,Designator,Footprint,LCSC Part #
15pF,"C1,C2",C_0805_2012Metric,C107110
1uF,"C3,C4,C16,C17",C_0805_2012Metric,C28323
0.1uF,"C5,C6,C7,C8,C11,C12,C13,C14,C15,C18,C20",C_0805_2012Metric,C49678
10uF,C19,C_0805_2012Metric,C15850
1N4148W,"D1,D2,D3,D4,D5,D6,D7,D8,D9,D10,D11,D12,D13,D14,D15,D16,D17,D18,D19,D20,D21,D22,D23,D24,D25,D26,D27,D28,D29,D30,D31,D32,D33,D34,D35,D36,D37,D38,D39,D40,D41,D42,D43,D44",D_SOD-123,C81598
B5819W,D99,D_SOD-123,C8598
EC05E1220401,ENC1,Alps_EC05E1220401,C116648
500mA,F1,Fuse_1206_3216Metric,C75464
PJ-320D,J1,Jack_3.5mm_PJ320D_Horizontal,C431535
USB-C,J2,USB_C_Receptacle_HRO_TYPE-C-31-M-12,C165948
10k,"R1,R6",R_0805_2012Metric,C17414
27,"R2,R3",R_0805_2012Metric,C17594
5.1k,"R4,R5",R_0805_2012Metric,C27834
1k,"R7,R10",R_0805_2012Metric,C17513
4.7k,"R8,R9",R_0805_2012Metric,C17673
Reset,RSW1,SW_SPST_PTS810,C116501
RP2040,U1,QFN-56-1EP_7x7mm_P0.4mm_EP3.2x3.2mm,C2040
USBLC6-2SC6,U2,SOT-23-6,C7519
AP2112K-3.3,U4,SOT-23-5,C51118
W25Q128JVS,U5,SOIC-8_5.3x5.3mm_P1.27mm,C113767
12MHz,Y1,Crystal_SMD_3225-4Pin_3.2x2.5mm_HandSoldering,C20625731
